,S_E3,S_E2,S_E25,S_E7,S_E20,S_E21,S_E12,S_E11,S_E16,L_E3,L_E2,L_E25,L_E7,L_E20,L_E21,L_E12,L_E11,L_E16
S101,,,,,,,,,,,,,,,,,,
S102,,,,,,,,,,,,,,,,,,
S103,,,,,,,,,,,,,,,,,,
S104,,,,,,,,,,,,,,,,,,
S105,,,,,,,,,,,,,,,,,,
S106,,,,,,,,,,,,,,,,,,
S107,,,,,,,,,,,,,,,,,,
S108,,,,,,,,,,,,,,,,,,
S109,,,,,,,,,,,,,,,,,,
S110,,,,,,,,,,,,,,,,,,
S111,,,,,,,,,,,,,,,,,,
S112,,,,,,,,,,,,,,,,,,
S113,,,,,,,,,,,,,,,,,,
S114,,,,,,,,,,,,,,,,,,
S115,,,,,,,,,,,,,,,,,,
S116,,,,,,,,,,,,,,,,,,
S117,,,,,,,,,,,,,,,,,,
S118,,,,,,,,,,,,,,,,,,
S119,,,,,,,,,,,,,,,,,,
S120,,,,,,,,,,,,,,,,,,
S121,,,,,,,,,,,,,,,,,,
S122,,,,,,,,,,,,,,,,,,
S123,,,,,,,,,,,,,,,,,,
S124,,,,,,,,,,,,,,,,,,
S125,,,,,,,,,,,,,,,,,,
S126,,,,,,,,,,,,,,,,,,
S127,,,,,,,,,,,,,,,,,,
S128,,,,,,,,,,,,,,,,,,
S129,,,,,,,,,,,,,,,,,,
S130,,,,,,,,,,,,,,,,,,
S131,,,,,,,,,,,,,,,,,,
S132,,,,,,,,,,,,,,,,,,
S133,,,,,,,,,,,,,,,,,,
S134,,,,,,,,,,,,,,,,,,
S135,,,,,,,,,,,,,,,,,,
S136,,,,,,,,,,,,,,,,,,
S137,,,,,,,,,,,,,,,,,,
S138,,,,,,,,,,,,,,,,,,
S139,,,,,,,,,,,,,,,,,,
S140,,,,,,,,,,,,,,,,,,
S141,,,,,,,,,,,,,,,,,,
S142,,,,,,,,,,,,,,,,,,
S143,,,,,,,,,,,,,,,,,,
S144,,,,,,,,,,,,,,,,,,
S145,,,,,,,,,,,,,,,,,,
S146,,,,,,,,,,,,,,,,,,
S147,,,,,,,,,,,,,,,,,,
S148,,,,,,,,,,,,,,,,,,
S149,,,,,,,,,,,,,,,,,,
S150,,,,,,,,,,,,,,,,,,
S151,,,,,,,,,,,,,,,,,,
S152,,,,,,,,,,,,,,,,,,
S153,,,,,,,,,,,,,,,,,,
S154,,,,,,,,,,,,,,,,,,
S155,,,,,,,,,,,,,,,,,,
S156,,,,,,,,,,,,,,,,,,
S157,,,,,,,,,,,,,,,,,,
S158,,,,,,,,,,,,,,,,,,
S159,,,,,,,,,,,,,,,,,,
S160,,,,,,,,,,,,,,,,,,
S161,,,,,,,,,,,,,,,,,,
S162,,,,,,,,,,,,,,,,,,
S163,,,,,,,,,,,,,,,,,,
S164,,,,,,,,,,,,,,,,,,
S165,,,,,,,,,,,,,,,,,,
S166,,,,,,,,,,,,,,,,,,
S167,,,,,,,,,,,,,,,,,,
S168,,,,,,,,,,,,,,,,,,
S169,,,,,,,,,,,,,,,,,,
S170,,,,,,,,,,,,,,,,,,
S171,,,,,,,,,,,,,,,,,,
S172,,,,,,,,,,,,,,,,,,
S173,,,,,,,,,,,,,,,,,,
S174,,,,,,,,,,,,,,,,,,
S175,,,,,,,,,,,,,,,,,,
S176,,,,,,,,,,,,,,,,,,
S177,,,,,,,,,,,,,,,,,,